Index,leftWheelCount,rightWheelCount,ax,ay,az,gx,gy,gz
1,310,598,-0.04,0.04,1.09,-0.01,-0.22,-0.19
2,310,598,-0.03,0.04,1.08,-0.11,0.13,0.1
3,310,598,-0.03,0.05,1.09,-0.09,0.01,0.08
4,310,598,-0.03,0.03,1.08,0.06,0.05,-0.04
5,310,598,-0.03,0.04,1.08,-0.02,0.03,-0.16
6,310,598,-0.03,0.03,1.09,-0.14,0.16,0.01
7,310,598,-0.02,0.04,1.09,0.05,-0.11,0.07
8,310,598,-0.02,0.04,1.1,-0.04,0.05,-0.35
9,310,598,-0.03,0.03,1.09,0.13,-0.24,-0.16
10,310,598,-0.03,0.04,1.1,-0.05,-0.1,-0.62
11,310,598,-0.03,0.04,1.1,-0.08,0.09,-0.01
12,310,598,-0.03,0.04,1.09,0.18,-0.06,0.27
13,310,598,-0.02,0.04,1.09,-0.1,0.16,0.52
14,310,598,-0.02,0.04,1.09,-0.23,0.03,1.46
15,310,598,-0.03,0.03,1.08,-0.26,0.17,1.02
16,310,598,-0.02,0.02,1.09,-0.2,0.15,1.5
17,310,598,-0.02,0.03,1.09,-0.55,0,2.95
18,310,598,-0.02,0.01,1.11,2.03,4.13,1.96
19,310,598,0,0.07,1.21,6.57,15.27,-4.68
20,310,598,-0.06,0.08,1.18,-9.42,11.72,-0.68
21,310,598,-0.12,0.07,1.18,-22.46,2.1,-1.29
22,310,598,-0.16,-0.02,1.1,-8.27,-1.76,-0.56
23,310,598,-0.17,-0.02,1.07,13.6,2.7,-1.49
24,310,598,-0.2,0.05,1.06,14.02,6.62,3.26
25,310,598,-0.23,0.08,1.02,-0.11,5.11,-1.72
26,310,598,-0.22,0.05,1,-4.15,-0.45,-15.72
27,310,598,-0.15,0.04,1.03,-15.37,-11.75,2.34
28,310,598,-0.1,-0.01,1.01,-25.42,-5.42,-8.11
29,310,598,-0.05,-0.08,1.02,-3.42,-4.21,-4.01
30,310,598,0.02,-0.04,1.03,1.76,3.42,3.73
31,310,598,0.01,-0.03,1.08,8.38,1.61,-15.08
32,310,598,0.08,0.02,1.13,4.07,-5.92,-7.59
33,310,598,0.12,-0.01,1.13,-5.65,2.4,-7.01
34,310,598,0.08,-0.04,1.07,-1.27,1.35,-0.19
35,310,598,0.05,-0.02,1.05,8.03,-2.46,-1.28
36,310,598,0.05,0.01,1.07,6.29,-3.43,-0.82
37,310,598,0.07,-0.01,1.11,8.39,-5.07,7.18
38,310,598,0.08,0.06,1.13,5.98,1.6,8.38
39,310,598,0.03,0.07,1.13,-0.34,0.96,-0.63
40,310,598,0.05,0.03,1.13,1.07,-2.69,-2.43
41,310,598,0.09,0.06,1.15,-4.59,-2.73,-5.79
42,310,598,0.15,0.01,1.15,-7.55,1.43,-4.84
43,310,598,0.15,-0.04,1.15,-6.88,2.86,2.94
44,310,598,0.17,-0.02,1.08,-11.68,7.25,11.38
45,310,598,0.06,-0.04,1.03,-1.65,0.21,27.43
46,310,598,-0.08,0.03,0.97,-3.72,-3.26,16.44
47,310,598,-0.15,0,0.99,0.07,-10.61,3.58
48,310,598,-0.21,-0.01,1.02,6.33,-15.74,3.08
49,310,598,-0.23,0.05,1.08,-5.97,-9.09,-5.14
50,310,598,-0.25,-0.06,1.04,-0.36,-14.16,-2.93
51,310,598,-0.18,-0.02,1.11,5.86,-4.09,-0.63
52,310,598,-0.16,0.02,1.08,1.44,1.86,-5.72
53,310,598,-0.13,-0.02,1.12,9.83,-4.52,-13.39
54,310,598,-0.01,0,1.14,7.62,5.39,-4.78
55,310,598,-0.04,0,1.14,9.4,7.39,-7.27
56,310,598,-0.03,0.01,1.14,1.02,0.6,-3.01
57,310,598,-0.03,0,1.11,-2.67,0.91,3.88
58,310,598,-0.11,0.01,1.09,-0.27,2.28,2.53
59,310,598,-0.19,-0.01,1.09,4.12,-1.86,18.03
60,310,598,-0.33,-0.01,1.12,2.73,4.84,28.73
61,310,598,-0.44,0,1.15,3.52,17.19,25.55
62,310,598,-0.43,0.04,1.04,-9.62,26.52,33.95
63,310,598,-0.43,0.1,0.96,-0.44,22.2,-4.96
64,310,598,-0.2,0.05,0.99,2,10.94,-28.91
65,310,598,0.14,0.03,1.03,15.57,25.51,-54.38
66,310,598,0.25,0.05,1.14,5.39,4.05,-43.14
67,310,598,0.37,0.04,1.09,-14.11,-4.45,-5.08
68,310,598,0.23,-0.05,1.08,-2.85,-4.45,2.08
69,310,598,0.12,-0.03,1.07,21.15,-7.78,2.63
70,310,598,0.05,0.05,1.13,15.73,-7.98,5.74
71,310,598,0.01,0.06,1.13,6.97,-5.37,7.29
72,310,598,-0.02,0.08,1.14,0.59,-4.88,5.05
73,310,598,0,0.08,1.14,-1.04,-0.36,-0.11
74,310,598,0.04,0.1,1.16,-1.52,1.79,-8.72
75,310,598,0.11,0.06,1.13,-7.95,-1.25,-5.98
76,310,598,0.22,0.09,1.21,-12.33,-2.58,-20.34
77,310,598,0.31,-0.01,1.23,-38.97,-9.41,9.67
78,310,598,0.29,-0.06,1.12,-36.7,-0.1,31.86
79,310,598,0.07,-0.07,0.98,-22.43,3.45,21.56
80,310,598,-0.13,-0.02,0.93,1.98,-13.59,30.58
81,310,598,-0.28,0,0.95,0.96,-17.02,21.25
82,310,598,-0.41,-0.02,0.97,13.94,-19.54,2.36
83,310,598,-0.33,0.05,1.02,6.61,-10.28,-8.95
84,310,598,-0.27,0.01,1.07,4.29,-18.92,-8.93
85,310,598,-0.12,0.01,1.15,-4.27,-7.04,-1.97
86,310,598,-0.14,-0.01,1.14,0.23,0.38,-4.03
87,310,598,-0.11,0,1.15,-0.73,-1.65,-9.91
88,310,598,-0.04,-0.04,1.13,-2.03,3.82,-2.53
89,310,598,-0.04,-0.05,1.1,3.29,6.35,-1.57
90,310,598,-0.05,-0.02,1.08,1.87,0.85,-3.58
91,310,598,-0.05,-0.02,1.1,-3.55,-1.99,-0.95
92,310,598,-0.11,-0.01,1.08,-7.17,0.35,2.31
93,310,598,-0.22,-0.03,1.09,-2.21,-5.07,0.23
94,310,598,-0.24,-0.06,1.15,13.12,4.47,12.28
95,310,598,-0.32,-0.02,1.17,15.62,22.81,21.53
96,310,598,-0.43,0.02,1.09,3.84,17.03,15.48
97,310,598,-0.34,0.02,1.01,-13.36,9.79,10.67
98,310,598,-0.21,-0.05,0.99,2.13,18.23,-30.46
99,310,598,0.09,0.05,1.03,12.96,5.75,-1.93
100,310,598,0.24,0.02,1.08,9.92,18.81,-32.3
101,310,598,0.26,0.01,1.05,11.93,-5.14,-15.66
102,310,598,0.23,0.03,1.13,-5.36,-20.73,1.13
103,310,598,0.2,-0.04,1.12,15.9,3.25,-10.64
104,310,598,0.11,0.05,1.14,16.96,-3.45,-2.58
105,310,598,0.07,0.03,1.13,-6.73,-6,6.16
106,310,598,0,-0.01,1.08,0.7,-2.26,6.17
107,310,598,-0.04,0.05,1.1,4.38,0.26,5.42
108,310,598,-0.03,0.09,1.1,0.57,-0.16,0.64
109,310,598,0.02,0.1,1.13,-3.18,0.48,-5.46
110,310,598,0.1,0.08,1.18,-5.01,2.01,-9.35
111,310,598,0.25,0.08,1.2,-11.87,8.61,-10.62
112,310,598,0.3,0.02,1.16,-3.65,0.73,2.12
113,310,598,0.27,0.06,1.14,-4.2,-3.98,7.2
114,310,598,0.11,0.04,1.07,-7.7,0.58,13.19
115,310,598,-0.18,-0.02,0.98,-7.36,2.72,22.02
116,310,598,-0.39,0,0.92,10.82,-3.71,-5.24
117,310,598,-0.45,0.03,0.96,6.03,-14.7,-15.76
118,310,598,-0.31,0.03,1.01,-0.87,-20.64,-8.59
119,310,598,-0.21,0.01,1.09,0.98,-12.92,-9.33
120,310,598,-0.17,0.01,1.11,0.31,-0.21,5.64
121,310,598,-0.16,0.06,1.13,1.65,3.24,-13.56
122,310,598,-0.08,0.02,1.13,-2.44,-0.6,-14.5
123,310,598,-0.04,-0.01,1.12,-8.06,-2.68,-0.7
124,310,598,-0.09,-0.06,1.1,-1.91,-0.68,0.56
125,310,598,-0.12,-0.05,1.11,6.51,2.45,5.14
126,310,598,-0.15,0.01,1.12,4.03,5.71,6.94
127,310,598,-0.12,0.05,1.09,-1.29,6.37,-6.87
128,310,598,-0.03,0.04,1.08,-4.99,2.84,-0.93
129,310,598,0.01,0,1.06,0.09,2.64,-5.78
130,310,598,0.03,0.01,1.07,7.15,-0.98,-5.15
131,310,598,0.04,0.05,1.12,-2.6,-3.19,4.26
132,310,598,0.01,0.02,1.09,-10.74,-3.5,-0.48
133,310,598,0.01,-0.02,1.09,-2.28,-3.13,1.41
134,310,598,0,0,1.1,-1.01,0.9,4.64
135,310,598,-0.04,0.01,1.11,-0.62,-0.3,4.79
136,310,598,-0.02,0.02,1.1,-1.73,0.21,2.36
137,310,598,-0.02,0,1.09,0.01,2.46,5.59
138,310,598,-0.04,0.02,1.09,2.76,2.13,0.6
139,310,598,-0.03,0,1.08,0.6,1.59,2.68
140,310,598,-0.04,0.02,1.08,-0.43,0.67,3.22
141,310,598,-0.05,0.01,1.08,-1.39,2.34,-1.76
142,310,598,-0.03,0.02,1.07,0.15,1.19,2.83
143,310,598,-0.05,0.02,1.09,-3.31,-0.17,-0.32
144,310,598,-0.05,0.01,1.09,-5.94,-3.02,-1.23
145,310,598,-0.03,-0.01,1.09,-2.94,-4.05,-0.61
146,310,598,-0.03,0,1.09,-3.1,-2.74,-3.77
147,310,598,-0.05,-0.01,1.1,-3.92,-3,-1.9
148,310,598,-0.03,-0.03,1.1,2.2,0.75,0.69
149,310,598,-0.03,0.01,1.09,-5.06,-0.18,0.12
150,310,598,-0.04,-0.03,1.1,-5.56,-2.9,0.66
151,310,598,-0.01,-0.04,1.1,-4.42,2.22,3.44
152,310,598,-0.03,-0.05,1.1,-2.14,0.18,8.26
153,310,598,-0.03,-0.03,1.09,-0.47,-0.37,10.36
154,310,598,0,0.01,1.11,4.65,3.15,16.99
155,310,598,0.01,0.21,1.14,10.7,2.74,21.98
156,310,598,-0.03,0.4,1.16,10.64,9.35,15
157,310,598,-0.1,0.41,1.07,2.19,9.18,-7.99
158,310,598,-0.11,0.22,1,-6.43,4.28,-39.36
159,310,598,-0.1,-0.08,0.97,4.41,0.97,-79.45
160,310,598,-0.02,-0.19,1.01,18.38,3.29,-70.82
161,310,598,0.04,-0.28,1.09,17.44,0.68,-32.3
162,310,598,0.04,-0.29,1.14,-4.69,-1.89,-8.02
163,310,598,0,-0.27,1.13,-3.94,0.23,4.89
164,310,598,-0.04,-0.21,1.09,3.44,4.06,9.89
165,310,598,-0.05,-0.17,1.09,5.36,-2.34,9.82
166,310,598,-0.03,-0.19,1.14,1.59,-10.24,14.74
167,310,598,0,-0.27,1.19,-3.08,-5.39,27.38
168,310,598,-0.04,-0.29,1.21,-8.88,-0.06,27.12
169,310,598,-0.05,-0.27,1.12,-21.96,0.89,40.29
170,310,598,-0.06,-0.22,1.03,-22.75,5.34,32.48
171,310,598,0.01,-0.15,0.96,-24,-5.37,54.01
172,310,598,0,0.06,1,-22.56,-17.47,53.76
173,310,598,0.1,0.27,1.09,-6.58,-2.83,68.17
174,310,598,-0.03,0.36,1.13,-2.11,0.32,44.49
175,310,598,-0.05,0.39,1.13,-6.81,-0.81,20.06
176,310,598,-0.02,0.23,1.1,-5.65,-1.13,9.86
177,310,598,-0.01,0.13,1.07,11.06,1.5,0.9
178,310,598,-0.05,0.11,1.07,15.04,-1.19,-6.3
179,310,598,0,0.15,1.11,7.1,-0.42,-8.71
180,310,598,0.02,0.14,1.12,6.59,1.28,-8.85
181,310,598,-0.02,0.2,1.14,7.71,3.21,-11.37
182,310,598,0.01,0.27,1.16,9.34,10.42,-20.58
183,310,598,0.01,0.3,1.11,16.9,11.84,-19.46
184,310,598,0.01,0.32,1.07,26.3,12.02,-30.13
185,310,598,-0.05,0.26,1.04,30.09,9.97,-44.49
186,310,598,-0.13,0.04,0.97,15.35,-7.74,-51.42
187,310,598,-0.17,-0.21,1.05,17.91,-27.26,-86.83
188,310,598,0.06,-0.36,1.12,26.25,-4.46,-55.91
189,310,598,0.02,-0.17,1.12,19.48,2.06,-36.11
190,310,598,-0.01,-0.21,1.1,4.08,-5.23,-25.45
191,310,598,0.01,-0.18,1.13,-2.37,-5.54,-1.85
192,310,598,-0.04,-0.14,1.12,-8.97,-6.14,0.53
193,310,598,-0.04,-0.14,1.13,-7.32,-5.58,8.99
194,310,598,-0.01,-0.18,1.19,2.93,0.18,14.9
195,310,598,-0.02,-0.2,1.21,-0.33,8.86,22.81
196,310,598,-0.05,-0.29,1.21,-12.09,3.16,30.33
197,310,598,0,-0.32,1.14,-20.67,19.32,43.51
198,310,598,-0.04,-0.2,1.03,-23.78,13.8,53.46
199,310,598,0.05,0.07,1.04,-33.71,6.25,75.17
200,310,598,-0.04,0.27,0.99,-32.89,-5.11,64.17
201,310,598,-0.04,0.39,1.04,-25.46,-10.88,41.25
202,310,598,-0.01,0.34,1.1,-13.82,-5.76,32.88
203,310,598,-0.02,0.27,1.11,2.45,-1.24,19.08
204,310,598,-0.05,0.27,1.13,8.57,-1,7.17
205,310,598,-0.03,0.27,1.13,6.37,1.22,-2.95
206,310,598,-0.01,0.27,1.1,10.36,1.34,-7.39
207,310,598,-0.02,0.32,1.11,17.67,5.13,-16.8
208,310,598,-0.03,0.36,1.08,25.32,12.75,-26.06
209,310,598,-0.09,0.35,1.06,37.71,-0.03,-38.54
210,310,598,-0.02,0.34,1.09,36.02,0.78,-49.41
211,310,598,-0.01,0.22,1.03,30.99,-6.86,-48.75
212,310,598,-0.02,0.08,1.05,22.08,-12.69,-63.88
213,310,598,-0.05,-0.13,1,24.77,-16.43,-68.23
214,310,598,-0.07,-0.25,1.07,31.31,-19.26,-69.78
215,310,598,0.04,-0.22,1.19,12.86,-11.21,-33.84
216,310,598,-0.01,-0.18,1.19,-17.15,-7.46,-15.82
217,310,598,0.02,-0.2,1.17,-15.73,-2.87,-2.21
218,310,598,0.02,-0.19,1.19,-10.15,5.24,10.55
219,310,598,0,-0.24,1.21,-14.57,3.11,23.5
220,310,598,0.02,-0.34,1.23,-15.65,12.96,34.3
221,310,598,0.07,-0.3,1.2,-21.22,19.17,65.83
222,310,598,-0.03,-0.16,1.06,-41.75,14.72,71.73
223,310,598,-0.04,0.01,0.91,-36.68,0.8,71.23
224,310,598,-0.01,0.23,1.03,-28.14,-0.97,77.3
225,310,598,-0.05,0.39,1.06,-22.09,-3.68,68.42
226,310,598,-0.06,0.43,1.08,-13.76,1.13,50.95
227,310,598,-0.09,0.39,1.09,-6.39,0.14,24.17
228,310,598,-0.08,0.32,1.1,-4.08,-0.42,3.47
229,310,598,-0.03,0.23,1.07,3.3,0.95,-1.59
230,310,598,-0.04,0.22,1.04,7.69,0.88,-6.5
231,310,598,-0.08,0.2,1.04,12.02,-4.39,-19.35
232,310,598,-0.07,0.15,1.06,17.2,-4.94,-25.7
233,310,598,-0.06,0.13,1.08,14.8,-6.13,-27.69
234,310,598,-0.03,0.11,1.08,13.89,-4.32,-29.46
235,310,598,-0.05,0.09,1.06,12.36,-10.85,-28.72
236,310,598,-0.06,0.02,1.07,13.17,-12.42,-33.91
237,310,598,-0.05,-0.05,1.08,10.46,-12.81,-32.01
238,310,598,-0.01,-0.09,1.1,10.8,-10.13,-19.07
239,310,598,-0.02,-0.04,1.14,4.41,-8.13,-12.74
240,310,598,-0.02,-0.02,1.14,-1.89,-3.96,-8.52
241,310,598,-0.02,0,1.13,-5.95,-2.25,-3.68
242,310,598,-0.02,0.01,1.11,-7.38,-1.58,-0.12
243,310,598,-0.02,0.02,1.09,-7,-0.82,4.35
244,310,598,-0.03,0.04,1.08,-3.28,-0.21,3.24
245,310,598,-0.03,0.05,1.1,-1.91,0.11,-0.15
246,310,598,-0.02,0.05,1.08,-1,0,2.86
247,310,598,-0.02,0.06,1.1,-0.51,-2.56,1.25
248,310,598,-0.02,0.05,1.1,-0.08,-1.46,-0.18
249,310,598,-0.01,0.05,1.1,0.31,-1.23,1.82
250,310,598,-0.01,0.06,1.09,-1.1,-1.74,-0.48
251,310,598,0,0.05,1.09,-0.65,-1.23,1.16
252,310,598,-0.02,0.05,1.09,-0.77,-2.55,1.6
253,310,598,-0.01,0.06,1.09,1.19,-0.43,-0.72
254,310,598,-0.01,0.05,1.09,1.92,-0.71,0.52
255,310,598,-0.02,0.07,1.08,-2.27,-3.71,-1.39
256,310,598,0,0.04,1.07,1.5,-2.39,-2.44
257,310,598,-0.02,0.07,1.12,1.73,-9.23,-3.68
258,310,598,-0.04,0.06,1.28,1.33,-15.72,-6.43
259,310,598,-0.03,0.04,1.52,0.5,-16.55,5.22
260,310,598,0.06,0.11,1.64,-7.43,17,21.03
261,310,598,0.02,0.08,1.43,-16.04,44.52,14.38
262,310,598,-0.02,0.08,1.15,2.52,52.94,-6.3
263,310,598,-0.08,0.13,0.93,-3.43,54.16,-15.08
264,310,598,-0.1,0.07,0.73,-17.13,35.96,-22.17
265,310,598,-0.03,-0.06,0.65,1.81,36.19,-14.58
266,310,598,-0.03,-0.02,0.63,15.25,35.54,-5.28
267,310,598,-0.07,0.01,0.61,0.1,11.88,-5.46
268,310,598,-0.05,-0.06,0.57,-1.39,-9.78,4.58
269,310,598,-0.07,-0.07,0.61,3.93,-29.52,11.7
270,310,598,0.03,0.02,0.68,0.95,-40.7,10.41
271,310,598,-0.01,-0.06,0.82,-3.93,-55.96,11.41
272,310,598,-0.06,0,1.09,5.37,-79.38,6.28
273,310,598,-0.02,0.13,1.47,9.35,-63.82,-4.09
274,310,598,-0.01,0.14,1.6,-1.2,-47.56,-5.24
275,310,598,0.06,0.15,1.53,-20.18,-21.55,-5.79
276,310,598,0.06,0.07,1.35,-15.62,-6.05,-13.75
277,310,598,0.07,-0.02,1.27,1.09,-0.31,-5.75
278,310,598,0.05,0.02,1.34,7.84,-1.02,-2.5
279,310,598,0.09,-0.01,1.51,8.19,7.21,11.15
280,310,598,0.08,0.01,1.62,19.48,31.87,16.9
281,310,598,0.04,0.1,1.53,7.88,65.77,5.87
282,310,598,0,0,1.27,-11.43,64.08,0.39
283,310,598,-0.01,0.03,0.98,-9.41,69.49,-5.23
284,310,598,-0.02,0.06,0.75,-2.25,71.13,-11.88
285,310,598,-0.1,0.02,0.63,-1.64,48.02,-8.29
286,310,598,-0.04,-0.01,0.6,-5.93,35.15,1.06
287,310,598,-0.08,-0.04,0.51,4.09,17.34,2.58
288,310,598,-0.13,0.02,0.53,-2.49,-11.17,-4.83
289,310,598,-0.13,-0.05,0.53,-15.1,-38.14,7.6
290,310,598,-0.05,-0.02,0.68,5.55,-58.58,0.9
291,310,598,-0.06,0,0.85,-2.34,-65.3,-4.31
292,310,598,-0.03,-0.02,1.05,3.19,-84.32,1.96
293,310,598,0.01,-0.03,1.35,11.45,-68.66,-1.11
294,310,598,0.03,0.09,1.5,9.96,-44.03,-5.86
295,310,598,0.04,0.13,1.49,-8.07,-30.94,-10.81
296,310,598,0.1,0.05,1.41,-16.61,-11.55,-3.5
297,310,598,0.08,0.03,1.26,-7.29,-4.32,-7.56
298,310,598,0.11,0.01,1.21,-3.21,0.33,-2.65
299,310,598,0.1,0,1.23,1.45,0.13,-1.11
300,310,598,0.11,-0.03,1.34,8.35,7.82,4.34
301,310,598,0.08,0.04,1.54,12.1,22.46,9.38
302,310,598,0.09,0.06,1.58,11.9,48.31,12.86
303,310,598,0.04,0.11,1.4,-7.33,70.47,6.05
304,310,598,-0.01,0.11,1.12,-18.2,70.33,-8.56
305,310,598,-0.04,-0.04,0.85,-13.17,63.54,-10.97
306,310,598,-0.03,-0.04,0.69,10.41,58.1,-1.44
307,310,598,-0.1,0.02,0.72,7.64,35.15,0.45
308,310,598,-0.11,-0.03,0.73,2.85,17.42,7.32
309,310,598,-0.09,0.01,0.76,0.99,15.41,4.04
310,310,598,-0.13,0.01,0.7,-4.01,7.08,-2.07
311,310,598,-0.15,-0.01,0.62,-7.46,-17.86,-1.28
312,310,598,-0.1,-0.02,0.61,-2.08,-28.71,-0.56
313,310,598,-0.05,0.01,0.6,-4.95,-33.16,-11.08
314,310,598,-0.13,-0.03,0.72,-26.88,-70.64,-5.38
315,310,598,-0.09,-0.12,1.02,-0.28,-102.51,2.34
316,310,598,-0.01,0.02,1.45,17.74,-72.4,-5.16
317,310,598,0.04,0.17,1.58,5.48,-44.19,-11.92
318,310,598,0.04,0.13,1.54,-16.59,-26.85,-20.5
319,310,598,0.12,0.01,1.44,-20.64,-7.12,-14.11
320,310,598,0.1,-0.08,1.27,-5.48,3.67,-8.3
321,310,598,0.1,-0.05,1.2,0.92,4.51,-5.28
322,310,598,0.12,-0.06,1.16,0.6,7.17,3.34
323,310,598,0.1,-0.05,1.14,4.65,10.03,2.7
324,310,598,0.09,-0.04,1.15,6.79,9.43,3.08
325,310,598,0.06,-0.05,1.21,8.62,6.64,7.73
326,310,598,0.08,0,1.29,12.01,18.48,10.53
327,310,598,0.04,0.02,1.25,8.22,30.45,7.86
328,310,598,0.02,0.02,1.14,-0.67,30.74,5.55
329,310,598,0,0.01,1.01,-3,27.8,4.15
330,310,598,-0.01,0,0.94,-3.91,21.2,3.55
331,310,598,0,-0.01,0.91,-0.75,18.65,4.03
332,310,598,-0.05,0,0.93,1.38,11.43,1.56
333,310,598,-0.07,0,0.96,-7.09,-0.55,3.77
334,310,598,-0.04,-0.04,0.97,2.16,0.55,7.39
335,310,598,-0.07,0.01,1.05,10.25,-0.49,1.18
336,310,598,-0.06,0.06,1.07,-5.2,-2.67,2
337,310,598,-0.05,0.02,1.07,-1.46,-4.19,-0.08
338,310,598,-0.06,0.02,1.08,0.83,-1.1,-2.74
339,310,598,-0.06,0.03,1.07,-2.8,-3.4,-1.14
340,310,598,-0.05,0,1.07,0.11,-4.43,-2.56
341,310,598,-0.04,0.01,1.08,2.22,-2.33,-3.24
342,310,598,-0.05,0.01,1.09,1.4,-5.91,0.08
343,310,598,-0.04,0.01,1.1,-0.41,-4.28,-0.26
344,310,598,-0.05,0,1.1,1.03,-2.29,-0.92
345,310,598,-0.04,0.01,1.11,0.38,-2.77,2.55
346,310,598,-0.05,0.01,1.1,-1.95,-1.11,1.06
347,310,598,-0.04,0,1.08,2.27,-1.35,0.89
348,310,598,-0.04,0.02,1.1,0.92,-0.85,1.94
349,310,598,-0.04,0,1.09,-1.11,-1.8,2.31
350,310,598,-0.03,0.01,1.09,-0.17,-0.87,1.89
351,310,598,-0.03,0,1.09,0.31,-1.9,1.91
352,310,598,-0.03,0.01,1.09,2.8,-0.65,2.81
353,310,598,-0.04,0.02,1.09,0.7,-1.39,-0.77
354,310,598,-0.03,0.01,1.09,-0.74,-2,0.29
355,310,598,-0.02,0.01,1.1,-0.11,-0.35,2.73
356,310,598,-0.04,0.01,1.09,1.7,-1.8,0.33
357,310,598,-0.03,0.01,1.09,0.25,-0.97,0.76
358,310,598,-0.03,0.01,1.09,-2.01,-1.78,2.41
359,310,598,-0.02,0.01,1.1,1.99,-1.29,0.68
360,310,598,-0.03,0.02,1.09,0.45,-0.62,0.56
361,310,598,-0.02,0.03,1.09,-1.49,-1.79,2.7
362,310,598,-0.03,0.02,1.08,-3.21,-1.71,-1.69
363,310,598,-0.03,0.01,1.09,1.9,-2.46,-5.16
364,310,598,-0.01,0.02,1.1,2.04,-2.13,-7.38
365,310,598,-0.01,0.01,1.1,1.9,-0.94,-13.53
366,310,598,-0.01,-0.01,1.1,4.57,3.08,-32.64
367,310,598,-0.01,-0.06,1.09,20.29,14.7,-89.14
368,310,598,-0.01,0,1.04,26.09,29.04,-180.09
369,310,598,-0.1,0.12,0.98,22.59,0.58,-230.07
370,310,598,-0.01,0.1,1.04,13.4,-3.54,-202.32
371,310,598,-0.01,-0.11,1.14,-24.21,-5.42,-90.4
372,310,598,0,-0.18,1.12,2.02,13.51,-39.73
373,310,598,-0.08,0.03,1.19,11.58,18.3,-9.05
374,310,598,-0.17,0.06,1.09,-12.1,5.06,23.34
375,310,598,-0.17,-0.04,1.03,5.77,2.36,30.03
376,310,598,-0.18,0.06,1.07,1.22,-15.59,65.44
377,310,598,-0.09,-0.07,1.06,0.98,-19.54,108.43
378,310,598,-0.02,-0.08,1.06,23.36,-15.56,180.81
379,310,598,0,-0.04,1.11,11.41,-6.23,188.91
380,310,598,0.23,0.08,1.06,62.95,36.34,251.68
381,310,598,-0.02,0.24,1.07,14.99,25.23,251.03
382,310,598,-0.18,0.36,1.13,-20.5,-9.09,171.94
383,310,598,-0.08,0.31,1.11,-66.74,8.55,108.6
384,310,598,-0.02,0.08,1.01,-38.44,-0.88,86.52
385,310,598,0.08,0.04,1.07,8.74,16.22,65.18
386,310,598,0,0.19,1.12,-2.04,19.17,48.97
387,310,598,-0.02,0.08,1.12,-14.15,9.13,33.18
388,310,598,-0.03,0.04,1.11,-2.2,14.07,3.67
389,310,598,-0.08,0.11,1.09,-0.75,9.49,-39.15
390,310,598,-0.07,0.08,1.05,-14.36,4.72,-82.83
391,310,598,-0.05,-0.02,1.03,33.89,0.08,-126.82
392,310,598,-0.03,0,1.1,51.05,-3.2,-150.34
393,310,598,-0.08,0.16,1.15,15.48,-5.58,-182.07
394,310,598,-0.06,-0.03,1.04,74.44,14.78,-221.17
395,310,598,-0.19,0.45,1.05,-36.9,-25.11,-203.55
396,310,598,-0.11,-0.07,0.89,-24.35,-29.7,-207.28
397,310,598,-0.04,0.1,1.11,0.09,-17.95,-108.12
398,310,598,-0.13,0,1.05,-35.87,-14.86,-76.37
399,310,598,-0.07,0,1.16,22.57,1.95,-34.85
400,310,598,-0.13,0.17,1.17,-14.35,6.09,-1.01
401,310,598,-0.11,0.01,1.06,5.99,2.13,2.78
402,310,598,-0.1,0.06,1.11,2.66,0.86,47.47
403,310,598,-0.1,0.04,1.11,-17.85,-11.33,88.15
404,310,598,-0.07,-0.05,1.05,-1.03,-0.48,145.21
405,310,598,-0.09,0.16,1.08,-2.68,1.39,169.62
406,310,598,-0.12,0.07,1,-20.16,-29.17,206.96
407,310,598,0.12,0.06,1.1,-7.62,-40.42,228.51
408,310,598,0.02,0.06,1.13,3.02,-10.16,158.89
409,310,598,0.03,0.02,1.14,-2.26,-17.32,138.86
410,310,598,0.04,-0.04,1.1,0.03,5.58,84.73
411,310,598,0.06,-0.01,1.09,28.82,12.99,56.93
412,310,598,0.03,0.11,1.13,18.71,12.03,36.29
413,310,598,-0.02,0.1,1.09,-4.49,8.03,7.58
414,310,598,0,0.03,1.07,-1.08,4.73,-1.29
415,310,598,-0.03,0.06,1.05,12.27,2.69,-31.16
416,310,598,-0.02,0.02,1.07,22.48,3.44,-79.45
417,310,598,-0.01,0.07,1.12,43.53,8.06,-147.35
418,310,598,-0.02,0.18,1.11,36.93,10.16,-196.41
419,310,598,-0.1,0.19,1.06,7.85,-18.54,-241.69
420,310,598,0.05,0.04,1.05,36.58,1.72,-211.53
421,310,598,-0.15,0.17,1.06,2.57,-11.97,-161.3
422,310,598,-0.16,0.1,1.04,-35.91,-17.95,-106.56
423,310,598,-0.14,0.13,1.07,-8.36,1.44,-68.48
424,310,598,-0.14,0.18,1.13,-8.33,-2.47,-59.43
425,310,598,-0.11,0.13,1.12,3.71,9.26,-27.25
426,310,598,-0.12,0.09,1.08,3.17,5.26,11.52
427,310,598,-0.1,0.02,1.02,21.19,-1.36,62.2
428,310,598,-0.17,0.25,1.11,3.67,-0.11,72.83
429,310,598,-0.19,0.02,1.04,-5.88,-3.04,146.55
430,310,598,-0.06,0.25,1.1,-2.48,0.64,231.21
431,310,598,-0.01,0.18,0.96,-45.1,-26.17,251.68
432,310,598,-0.07,0.13,1.1,-32.85,-54.61,214.31
433,310,598,0.06,0.03,1.16,-22.81,-18.33,141.25
434,310,598,0.1,0.01,1.13,-12.31,-25.19,119.7
435,310,598,0.13,-0.04,1.13,35.94,8.98,66.27
436,310,598,0.04,0.13,1.15,25.19,18.35,43.34
437,310,598,0.05,0.14,1.11,-10.34,15.2,20.13
438,310,598,0.05,0.06,1.03,-4.19,23.11,-3.25
439,310,598,-0.02,0.11,1.04,-2.65,11.81,-32.27
440,310,598,-0.05,0.06,1.05,17.07,13.4,-81.09
441,310,598,0.01,0.17,1.12,34.98,11.16,-105
442,310,598,0.07,0.17,1.13,13.02,15.73,-91.22
443,310,598,-0.02,0.13,1.03,2.77,12.13,-83.95
444,310,598,0.01,0.14,1.03,27.9,15.58,-53.19
445,310,598,-0.15,0.29,1.03,1.4,-0.04,-51.25
446,310,598,-0.08,0.22,1.04,-17.72,-18.97,-33.79
447,310,598,-0.03,0.16,1.06,-20.65,-15.34,-16.4
448,310,598,-0.06,0.12,1.06,-9.73,-20.23,-9.46
449,310,598,0,0.11,1.1,-0.61,-16.42,2.78
450,310,598,-0.03,0.14,1.14,-2.86,-14.38,2.09
451,310,598,-0.03,0.12,1.12,-2.76,-14.45,0.59
452,310,598,-0.01,0.11,1.13,-2,-13.78,3.16
453,310,598,0.05,0.11,1.12,-2.01,-8.29,7.09
454,310,598,0.01,0.11,1.12,-7.17,-17.69,5.91
455,310,598,0,0.2,1.16,-28.1,-38.3,2.18
456,310,598,-0.11,0.25,1.14,-105.02,-110.76,-24.11
457,310,598,0.2,-0.1,0.97,-142.34,-134.1,-39.25
458,310,598,0.46,-0.44,0.92,-27.23,-59.31,-26.77
459,310,598,0.29,-0.14,0.92,52.2,-47.94,-6.59
460,310,598,0.27,0.02,1.05,18.84,-47.16,-19.04
461,310,598,0.52,-0.08,1.06,14.57,-7.34,-7.98
462,310,598,0.46,-0.03,1.06,10.67,13.06,-3.66
463,310,598,0.56,-0.11,1.14,2.73,55.25,1.09
464,310,598,0.72,-0.09,1.14,49.25,183.81,8.49
465,310,598,0.31,-0.05,1.02,65.85,242.69,-11.01
466,310,598,0.08,0.23,0.99,49.83,234.25,7.66
467,310,598,-0.25,0.09,0.92,12.89,167.3,-7.64
468,310,598,-0.48,0.15,0.88,-26.4,98.71,-21.24
469,310,598,-0.42,0.05,0.9,-52.98,61.23,-6.56
470,310,598,-0.53,-0.04,0.88,-36.46,28.49,-0.49
471,310,598,-0.5,-0.03,0.96,-10.3,26.51,8.82
472,310,598,-0.56,0,0.95,0.13,16.5,11.78
473,310,598,-0.51,0.03,0.93,15.03,18.74,19.22
474,310,598,-0.59,0.06,0.86,20.22,11,7.86
475,310,598,-0.63,0.09,0.87,16.99,-15.03,-2.66
476,310,598,-0.64,0.07,0.89,3.44,-58.74,-4.9
477,310,598,-0.67,0.09,0.84,-11.55,-138.76,-9.23
478,310,598,-0.55,0.13,0.87,-28.81,-206.35,-28.03
479,310,598,-0.25,0.07,0.84,-47.89,-247.32,-52.17
480,310,598,0.23,-0.11,0.99,-37.54,-247.32,-41.51
481,310,598,0.77,-0.3,1.11,28.64,-66.71,7.45
482,310,598,0.48,-0.09,1.03,75.56,-9.25,-0.24
483,310,598,0.18,0.18,1,11.93,-50.23,-19.78
484,310,598,0.4,0.01,1,-24.28,-45.06,-9.84
485,310,598,0.51,-0.06,1.06,19.02,-6.89,4.47
486,310,598,0.43,0.12,1.11,14.59,-5.44,7.38
487,310,598,0.45,0.1,1.11,-0.02,-1.55,4.71
488,310,598,0.49,0.04,1.11,19.11,37.61,-0.86
489,310,598,0.53,0.04,1.13,45.37,127.09,-24.44
490,310,598,0.53,-0.03,1.02,112.14,252.94,-39.78
491,310,598,0.13,0.33,0.82,53.38,252.94,-56.86
492,310,598,-0.41,0.29,0.84,-22.34,155.59,-33.08
493,310,598,-0.51,0.3,0.81,-94.48,47.24,-48.01
494,310,598,-0.37,0.01,0.87,-82.74,7.8,-25.05
495,310,598,-0.4,-0.07,0.94,-38.63,23.51,-17.58
496,310,598,-0.42,0.01,1.04,6.64,32.35,3.72
497,310,598,-0.56,0.05,1.02,1.35,8.27,8.89
498,310,598,-0.5,0.04,1.03,-4,1.31,4.99
499,310,598,-0.56,-0.01,0.96,5.68,-16.96,3.38
500,310,598,-0.51,0.05,0.94,7.82,-43.17,7.7
501,310,598,-0.59,0.06,0.86,7.13,-103.95,1.87
502,310,598,-0.46,0.12,0.93,31.22,-175.58,-12
503,310,598,-0.2,0.31,1.03,-30.72,-219.97,-23.79
504,310,598,0.11,0.03,0.96,-83.45,-240.58,-25.55
505,310,598,0.56,-0.28,1,-9.81,-150.3,-21.82
506,310,598,0.69,-0.32,0.96,71.73,-32.35,17.87
507,310,598,0.38,0.15,1.03,65.21,-18.12,14.11
508,310,598,0.37,0.13,0.99,6.69,-43.82,8.38
509,310,598,0.52,0.01,0.99,27.61,-22.42,12.21
510,310,598,0.5,0.16,1.06,27.12,-4.23,10.13
511,310,598,0.46,0.15,1.05,3.35,-10.94,13.4
512,310,598,0.5,0.14,1.07,4.3,10.15,0.74
513,310,598,0.49,0.12,1.1,0.09,27.15,9.09
514,310,598,0.58,0.14,1.16,-15.3,115.18,7.28
515,310,598,0.62,0,1.01,7.96,201.86,4.12
516,310,598,0.26,0.02,0.91,48.64,212.57,9.58
517,310,598,-0.05,0.22,0.88,27.95,192.34,-12.88
518,310,598,-0.2,0.24,0.9,-15.1,133.22,-36.08
519,310,598,-0.35,0.19,0.97,-45.33,70.97,-25.56
520,310,598,-0.13,0.02,1.02,-23.62,91.88,11.89
521,310,598,-0.55,0.01,0.9,28.54,92.32,3.53
522,310,598,-0.64,0.15,0.92,34.34,49.51,2.01
523,310,598,-0.76,0.23,0.96,0.65,6.47,-10.17
524,310,598,-0.6,0.19,0.94,-25.07,-22.97,-19.4
525,310,598,-0.54,0.05,0.88,-19.3,-48.08,2.65
526,310,598,-0.49,-0.02,0.83,17.46,-77.26,2.2
527,310,598,-0.33,0.12,0.93,33.79,-78.93,4.81
528,310,598,-0.29,0.26,1.04,9.15,-76.9,-7.48
529,310,598,-0.26,0.15,0.99,-26.37,-90.43,-11.87
530,310,598,-0.08,0.08,1.09,-27.41,-51.51,-9.36
531,310,598,-0.04,0.01,1.05,-15.85,-18.16,2.54
532,310,598,-0.11,0.02,1.05,-4.34,-25.1,1.83
533,310,598,-0.07,0.11,1.13,-14.63,-15.29,-7.65
534,310,598,-0.07,0.03,1.09,-22.64,-12.66,1.35
535,310,598,-0.04,0.02,1.11,-12.23,-7.72,-3.84
536,310,598,-0.06,0.01,1.1,-9.14,-4.74,1.79
537,310,598,-0.04,0,1.1,-6.07,-4.14,1.05
538,310,598,-0.06,-0.01,1.09,-0.72,-1.81,1.63
539,310,598,-0.06,0,1.1,5.54,-3.12,5.18
540,310,598,-0.06,0.01,1.12,12.15,-1.45,4.04
541,310,598,-0.06,0,1.11,25.47,-4.33,5.92
542,310,598,-0.06,-0.08,1.05,82.8,-5.47,9.3
543,310,598,-0.02,-0.03,1.01,184.38,15.63,3.26
544,310,598,-0.05,0.26,0.94,221.38,25.39,6.74
545,310,598,-0.06,0.57,0.91,166.67,8.16,25.97
546,310,598,-0.09,0.69,0.88,108.41,-11.74,21.7
547,310,598,0.02,0.57,0.81,101.96,2.63,21.97
548,310,598,-0.02,0.82,0.73,85.21,10.92,21.37
549,310,598,-0.06,0.87,0.81,33.54,-3.72,11.14
550,310,598,-0.06,0.93,0.86,-23.87,-4.81,4.52
551,310,598,-0.06,0.93,0.82,-97.3,-6.12,-2.5
552,310,598,-0.07,0.89,0.85,-162.72,-28.86,1.63
553,310,598,0.02,0.6,0.82,-247.49,-41.39,10.68
554,310,598,0.05,0.32,0.87,-247.49,-24.5,-3.73
555,310,598,0.06,0.12,0.93,-247.49,-9.57,-29.04
556,310,598,0.08,-0.16,0.93,-247.49,-19.35,-22.95
557,310,598,0.12,-0.4,0.98,-222.66,0.16,-18.09
558,310,598,0.13,-0.58,0.9,-158.06,8.16,-2.42
559,310,598,0.12,-0.68,0.85,-100.14,8.94,1.12
560,310,598,0.07,-0.61,0.84,-57.96,3.79,-1.12
561,310,598,0.05,-0.69,0.8,-36.69,-9.96,-2.07
562,310,598,0.08,-0.76,0.82,19.82,-7.55,-3.27
563,310,598,0.08,-0.81,0.81,72.5,11.73,-8.88
564,310,598,0.02,-0.78,0.76,177.57,12.72,-25.69
565,310,598,0.07,-0.44,0.9,252.78,23.05,-23.64
566,310,598,0.18,-0.2,1.01,252.78,41.29,19.09
567,310,598,0.01,0.08,0.98,252.78,22.72,25.29
568,310,598,0.05,0.31,1,248.71,27.01,20.94
569,310,598,-0.01,0.54,0.96,205.4,23.76,21.14
570,310,598,-0.07,0.77,1.04,138.87,0.56,7.86
571,310,598,-0.01,0.73,0.88,71.1,-7.94,13.08
572,310,598,0,0.68,0.87,39.98,-4.55,4.98
573,310,598,0.02,0.67,0.86,19.04,-5.78,5.97
574,310,598,0.04,0.77,0.9,-12.97,-1.47,9.08
575,310,598,-0.01,0.8,0.95,-70.48,-4.76,5.41
576,310,598,-0.02,0.78,0.94,-150.59,-9.09,-3.3
577,310,598,0.04,0.56,0.88,-184.21,-23.38,5.7
578,310,598,0.07,0.41,0.96,-184.17,-10,-6.23
579,310,598,0.04,0.32,0.97,-227.35,-5.09,-24.61
580,310,598,0.07,0.04,0.94,-247.49,-12.31,-18.82
581,310,598,0.09,-0.3,0.89,-242.2,-9.84,-16.27
582,310,598,0.14,-0.53,0.9,-179.14,-3.78,-3.24
583,310,598,0.09,-0.66,0.94,-95.3,2.55,4.62
584,310,598,0.08,-0.65,0.92,-45.85,8.87,4.32
585,310,598,0.03,-0.64,0.9,11.06,2.93,1.96
586,310,598,0.04,-0.69,0.91,89.57,7.47,-7.92
587,310,598,0.05,-0.65,0.91,192.15,30.33,-16.08
588,310,598,0.03,-0.36,0.96,226.8,17.87,-0.74
589,310,598,0.08,-0.17,0.99,252.35,20.88,1.29
590,310,598,0.15,0.05,1.01,252.78,50.04,27.03
591,310,598,0.06,0.4,0.92,252.78,73,34.05
592,310,598,-0.07,0.64,0.74,252.78,62.63,38.65
593,310,598,-0.08,0.83,0.74,226.24,58.35,29.25
594,310,598,-0.16,1.08,0.7,95.19,8.1,24.29
595,310,598,-0.07,0.94,0.66,22.87,-9.74,23.29
596,310,598,-0.08,0.91,0.66,-17.33,-5.94,5.91
597,310,598,-0.1,0.85,0.61,-29.27,-12.03,0.49
598,310,598,-0.12,0.89,0.69,-49.04,-13.21,-6.32
599,310,598,-0.08,1.01,0.78,-137.34,-6.46,-10.08
600,310,598,-0.13,0.84,0.77,-210.06,-58.32,-2.69
601,310,598,0.03,0.81,0.88,-247.49,-52.94,-27.3
602,310,598,0.07,0.4,0.79,-247.49,-43.76,-19.8
603,310,598,0.16,-0.07,0.8,-247.49,-26.07,1.26
604,310,598,0.12,-0.48,0.81,-247.49,-0.65,15.52
605,310,598,0.02,-0.71,0.82,-157.46,-2.13,19.7
606,310,598,0.03,-0.65,0.89,-48.61,3.91,7.25
607,310,598,-0.02,-0.58,0.92,2.04,-5.26,2.12
608,310,598,0.03,-0.57,0.92,23.16,-8.9,-2.45
609,310,598,0.07,-0.59,0.95,87.03,23.31,-23.96
610,310,598,0.04,-0.5,0.98,140.9,39.98,-27.53
611,310,598,0,-0.32,1.02,149.73,29.24,-27.76
612,310,598,0.01,-0.18,1.04,132.78,17.25,-21.4
613,310,598,0.02,0.02,1.14,98.46,14.68,-15.01
614,310,598,-0.01,0.03,1.14,12.61,-0.42,-11.11
615,310,598,0.04,-0.1,1.1,4.53,-6.99,-0.11
616,310,598,0.06,-0.1,1.1,15.83,9.9,1.86
617,310,598,0,-0.01,1.09,14.28,4.93,7.04
618,310,598,-0.06,0.03,1.08,-0.65,-6.66,1.3
619,310,598,0.02,0.01,1.1,-2.33,0.32,-0.01
620,310,598,0.01,-0.01,1.08,3.31,4.64,4.38
621,310,598,-0.03,0,1.1,10.64,1.22,1.45
622,310,598,-0.03,0.04,1.11,0.09,-0.55,0.15
623,310,598,-0.03,0.01,1.13,-1.04,-1.28,1.1
624,310,598,0,-0.02,1.11,4.2,5.45,5.67
625,310,598,-0.03,0,1.11,9.81,8.37,3.75
626,310,598,-0.05,0.05,1.11,5.02,8.58,2.07
627,310,598,-0.03,0.03,1.06,8.36,6.67,3.76
628,310,598,-0.02,0.07,1.04,0.9,7.08,1.78
629,310,598,-0.03,0.02,0.99,-5.59,2.85,6.54
630,310,598,-0.03,-0.01,1.03,4.45,-3.69,-1.85
631,310,598,-0.03,0,1.09,7.89,0.39,-3.5
632,310,598,-0.02,0.03,1.12,5.08,-4.1,0.19
633,310,598,-0.01,0.03,1.12,3.72,-0.59,2.24
634,310,598,-0.03,0.03,1.1,5.94,1.82,-1.22
635,310,598,-0.02,0.04,1.09,2.4,-0.58,-2.34
636,310,598,-0.02,0.05,1.09,1.15,1,-2.63
637,310,598,-0.03,0.05,1.06,0.44,0.8,-1.61
638,310,598,-0.04,0.04,1.05,-0.28,-3.17,-2.37
639,310,598,-0.04,0.06,1.06,2.89,-3.51,-1.14
640,310,598,-0.04,0.06,1.08,3.05,-2.52,-4.27
641,310,598,-0.02,0.06,1.09,4.33,-3.23,-2.8
642,310,598,-0.04,0.04,1.1,0.87,-5.06,-1.72
643,310,598,-0.03,0.03,1.09,3.73,-2.49,6.88
644,310,598,-0.04,0.02,1.1,13.86,2.49,4.72
645,310,598,-0.01,0.06,1.15,14.72,5.74,10.05
646,310,598,-0.01,0.1,1.14,1,8.32,9.59
647,310,598,-0.04,0.11,1.1,-11.46,7.14,6.02
648,310,598,-0.06,0.07,1.07,-11.74,-2.39,3.52
649,310,598,-0.05,0.06,1.09,-9.49,-1.49,-0.97
650,310,598,-0.02,0.06,1.09,-5.32,0.32,3.37
651,310,598,-0.03,0.07,1.08,-4.43,2.63,4.09
652,310,598,-0.05,0.07,1.07,-4.94,0.96,-1.05
653,310,598,-0.05,0.05,1.07,-3.73,-0.88,-2.28
654,310,598,-0.03,0.05,1.08,-0.72,-3.13,-1.33
655,310,598,-0.03,0.06,1.09,-0.17,-3.02,-4.93
656,310,598,0,0.02,1.11,-1.04,-3.04,2.41
657,310,598,0,0,1.12,1.93,1.72,8.15
658,310,598,-0.06,0.04,1.09,-2.59,1.97,4.25
659,310,598,-0.06,0.05,1.08,-3,-5.36,-0.07
660,310,598,-0.02,0.05,1.07,-2.64,0.03,-3.42
661,310,598,-0.03,0.03,1.07,0.55,-4.75,-2.51
662,310,598,-0.02,0.02,1.09,5.38,-7.45,-0.27
663,310,598,-0.02,0.04,1.11,9.28,-4.74,-2.09
664,310,598,-0.01,0.07,1.07,1.3,-6.52,-2.19
665,310,598,-0.01,0.07,1.07,-7,-8.67,-3.99
666,310,598,0.44,1.03,1,-17.48,17.95,10.82
667,310,597,-0.05,0.03,1.11,-0.07,2.36,3.04
668,310,597,-0.01,0.04,1.08,-0.2,1.8,3.09
669,310,597,0,0.04,1.1,-0.04,11.48,2.86
670,310,597,-0.03,0.3,1.33,-3.91,-0.2,-0.59
671,310,597,-0.05,0.02,1.09,-0.01,0.09,0.02
672,310,597,-0.03,0.03,1.09,-0.07,-0.1,0.09
673,310,597,-0.03,0.04,1.09,0.13,-0.01,0.4
674,310,597,-0.02,0.04,1.09,0.12,-0.26,0.19
675,310,597,-0.02,0.03,1.11,-0.47,-0.05,1.1
676,310,597,-0.05,0.04,1.09,-0.05,0.02,0.21
677,310,597,-0.02,0.04,1.09,0.03,-0.03,0.1
678,310,597,-0.03,0.03,1.08,-0.12,-0.07,0.09
679,310,597,-0.03,0.03,1.09,0.09,-0.18,-0.14
680,310,597,-0.02,0.04,1.1,-0.01,0.2,0.71
681,310,597,-0.03,0.04,1.1,-0.3,-0.07,0.14
682,310,597,-0.03,0.04,1.09,-0.08,0.14,0.02
683,310,597,0.01,0.04,1.09,0.29,0.01,1.31
684,310,597,0,0.11,1.05,0.04,0.48,6.72
685,310,598,-0.12,-0.01,1.08,-0.44,0.36,0.34
686,310,598,-0.02,0.05,1.08,0.19,-0.07,-1.04
687,310,598,-0.03,0.05,1.09,0.04,-0.02,0.32
688,310,598,-0.03,0.04,1.09,-0.04,-0.05,-0.08
689,310,598,-0.04,0.03,1.09,-0.01,-0.2,-0.12
690,310,598,-0.03,0.04,1.08,-0.01,0.13,0.05
691,310,598,-0.03,0.04,1.09,-0.01,0.13,0.08
692,310,598,-0.03,0.04,1.09,0.08,-0.1,-0.01
693,310,598,-0.03,0.04,1.09,-0.13,-0.04,0.03
694,310,598,-0.03,0.04,1.09,0.02,-0.01,0.02
695,310,598,-0.03,0.03,1.09,0.09,-0.07,0.05
696,310,598,-0.03,0.04,1.08,-0.04,-0.07,-0.18
697,310,598,-0.02,0.04,1.09,-0.08,-0.16,-0.02
698,310,598,-0.03,0.04,1.08,-0.06,0.01,-0.01
699,310,598,-0.03,0.04,1.08,-0.05,-0.1,0
700,310,598,-0.04,0.04,1.09,-0.04,-0.11,-0.04
701,310,598,-0.03,0.04,1.08,0.1,0.07,-0.01
702,310,598,-0.03,0.04,1.09,-0.14,0,0.12
703,310,598,-0.03,0.04,1.09,-0.1,0.02,0.03
704,310,598,-0.03,0.04,1.08,-0.01,0.2,0.01
705,310,598,-0.03,0.04,1.08,-0.11,-0.07,-0.01
706,310,598,-0.03,0.04,1.09,-0.01,0.04,-0.06
707,310,598,-0.03,0.03,1.09,-0.1,-0.05,0.01
708,310,598,-0.02,0.03,1.09,0.07,0.05,0.07
709,310,598,-0.02,0.04,1.08,0.12,-0.14,-0.01
710,310,598,-0.03,0.04,1.09,0,0.17,0.03
711,310,598,-0.03,0.04,1.09,0.02,-0.03,-0.17
712,310,598,-0.03,0.04,1.09,0.02,-0.05,-0.17
713,310,598,-0.03,0.03,1.08,-0.04,0,0.02
714,310,598,-0.03,0.04,1.09,-0.04,0.06,-0.04
715,310,598,-0.02,0.04,1.09,-0.1,0.26,0.12
716,310,598,-0.03,0.04,1.1,0.02,0.15,0.04
717,310,598,-0.02,0.04,1.09,-0.07,0.03,0.02
718,310,598,-0.03,0.03,1.1,0.01,-0.07,0
720,310,598,-0.03,0.04,1.09,-0.04,-0.18,-0.16
721,332,585,-0.05,-0.02,1.28,4.76,-5.47,-42.64
722,378,531,0.27,0.31,0.92,4.73,3.68,-69.5
723,427,465,-0.37,-0.21,1.22,3.88,-2.9,-59.75
724,465,410,0.17,0.15,0.88,6.44,-0.31,-37.7
725,486,369,-0.06,-0.04,1.1,2.11,-0.28,-25.98
726,506,331,0.04,-0.01,1.23,2.61,-1.15,-31.57
727,534,292,0.19,0.19,0.92,2.73,-2.31,-36.97
728,561,256,0.11,-0.02,1.07,1.31,-0.74,-24.22
729,584,222,0.02,-0.02,1.09,2.15,-1.87,-24.56
730,604,192,-0.04,0.15,1.08,0.92,-0.61,-24.12
731,625,164,0.01,-0.14,0.99,0.28,-0.45,-34.24
732,647,138,0.06,0.29,1.17,3.09,-2.01,-35.68
733,673,106,-0.04,0.19,1.04,1.56,-2.63,-26.58
734,696,83,-0.05,-0.07,1.09,0.43,-0.91,-16.79
735,722,76,-0.06,0.09,1.25,5.46,-0.31,-16.06
736,732,74,-0.06,-0.02,1.1,1.87,-0.61,-2.33
737,734,74,-0.09,0.02,1.09,-0.03,-0.16,-0.17
738,734,74,-0.01,0.04,1.09,-0.31,0.13,-0.12
739,734,74,-0.02,0.04,1.1,-0.07,-0.03,0.08
740,734,74,-0.01,0.03,1.09,-0.08,-0.05,0.02
741,734,74,-0.03,0.04,1.07,0,-0.07,0.15
742,734,74,-0.02,0.03,1.08,0.22,-0.03,0.02
743,734,74,-0.01,0.02,1.11,-0.01,0.18,0.01
744,734,74,-0.01,0.03,1.09,0.08,0,0.05
745,734,74,-0.02,0.04,1.09,-0.06,0.06,-0.02
746,734,74,-0.02,0.04,1.09,0.09,0.03,0.13
747,734,74,-0.02,0.04,1.09,0.06,-0.1,-0.13
748,734,74,-0.03,0.03,1.09,0.23,0.13,0.08
749,734,74,-0.02,0.03,1.1,0,-0.13,0.04
750,734,74,-0.02,0.03,1.09,0.02,0.02,-0.04
751,734,74,-0.02,0.04,1.09,0.12,-0.22,-0.07
752,734,74,-0.02,0.03,1.1,0.05,-0.02,-0.07
753,734,74,-0.02,0.04,1.09,0.03,0.03,0.08
754,734,74,-0.02,0.04,1.09,-0.06,-0.02,0.02
755,734,74,-0.02,0.04,1.09,0.12,-0.05,-0.24
756,734,74,-0.02,0.03,1.09,0.15,-0.16,-0.22
757,734,74,-0.01,0.04,1.09,0.04,-0.13,0.05
758,734,74,-0.02,0.04,1.09,-0.14,-0.07,0.02
759,734,74,-0.02,0.03,1.1,0.13,-0.13,0.17
760,734,74,-0.02,0.04,1.09,-0.1,-0.07,-0.01
761,734,74,-0.02,0.04,1.09,0.02,0.04,0.15
762,734,74,-0.02,0.04,1.08,-0.08,-0.16,-0.13
763,734,74,-0.02,0.04,1.09,0.16,-0.06,0.05
764,734,74,-0.01,0.04,1.08,-0.04,0.06,-0.17
765,734,74,-0.02,0.03,1.08,-0.38,0.06,0.09
766,734,74,-0.02,0.04,1.1,0.11,-0.03,-0.14
767,734,74,-0.02,0.04,1.1,-0.21,-0.08,-0.02
768,734,74,-0.02,0.03,1.07,-0.26,-0.24,0.14
769,734,74,-0.02,0.04,1.11,0.32,-0.08,-0.08
770,734,74,-0.01,0.04,1.08,0.04,-0.02,-0.26
771,734,74,-0.02,0.04,1.08,-0.03,-0.13,0.12
772,734,74,-0.03,0.04,1.1,0.02,-0.18,0.15
773,734,74,-0.02,0.04,1.1,0.03,-0.13,-0.01
774,734,74,-0.01,0.03,1.09,0.01,0.03,0.07
775,734,74,-0.02,0.03,1.09,-0.08,0.05,0.05
776,734,74,-0.01,0.04,1.08,-0.16,-0.03,0.05
777,734,74,-0.02,0.03,1.09,-0.04,-0.21,0.17
778,734,74,-0.02,0.04,1.08,-0.14,-0.08,-0.14
779,734,74,-0.02,0.03,1.1,0.12,0.22,0.08
780,734,74,-0.01,0.03,1.09,0.01,-0.1,0.12
781,734,74,-0.01,0.04,1.1,-0.14,0.06,0.19
782,734,74,-0.02,0.04,1.09,0.09,0.01,-0.21
783,734,74,-0.02,0.04,1.1,0.09,0.19,-0.14
784,734,74,-0.02,0.04,1.09,-0.2,-0.12,0.05
785,734,74,-0.02,0.04,1.1,0.05,0.07,-0.14
786,734,74,-0.02,0.03,1.09,0.1,0,-0.01
787,734,74,-0.01,0.04,1.1,0.08,-0.12,-0.17
788,734,74,-0.01,0.04,1.09,0.17,-0.13,0.2
789,734,74,-0.01,0.03,1.1,-0.08,0.1,-0.01
790,734,74,-0.02,0.03,1.09,-0.13,0.02,0.07
791,734,74,-0.02,0.04,1.09,0.02,-0.07,0.09
792,734,74,-0.02,0.04,1.09,-0.06,0.01,0
793,734,74,-0.02,0.04,1.09,-0.15,0.07,-0.05
794,734,74,-0.02,0.03,1.1,-0.01,-0.1,-0.04
795,734,74,-0.01,0.04,1.09,-0.03,0.26,-0.01
796,734,74,-0.01,0.04,1.09,-0.08,0.16,-0.12
797,734,74,-0.02,0.03,1.09,-0.1,0.03,-0.12
798,734,74,-0.02,0.04,1.09,-0.11,-0.12,-0.08
799,734,74,-0.02,0.04,1.09,-0.05,0.01,-0.11
800,734,74,-0.01,0.04,1.09,0.02,-0.03,-0.21
801,734,74,-0.01,0.04,1.11,-0.08,-0.08,0.06
802,734,74,-0.02,0.04,1.09,0.02,-0.16,-0.04
803,734,74,-0.02,0.04,1.09,0,-0.05,-0.03
804,734,74,-0.01,0.04,1.08,-0.13,-0.13,0.02
805,734,74,-0.02,0.05,1.1,-0.04,0.03,0.17
806,734,74,-0.01,0.04,1.1,0.04,-0.03,0.33
807,734,74,-0.02,0.04,1.09,0.05,0.13,0.27
808,734,74,-0.02,0.04,1.09,-0.07,0.26,0.15
809,734,74,-0.02,0.03,1.09,0.09,0.14,0.17
810,734,74,-0.02,0.03,1.08,0.05,-0.16,-0.01
811,734,74,-0.01,0.03,1.09,0.02,-0.09,0
812,734,74,-0.01,0.03,1.1,-0.02,-0.05,-0.11
813,734,74,-0.02,0.04,1.09,-0.03,0.03,0.04
814,734,74,-0.02,0.04,1.08,-0.04,-0.12,0
815,734,74,-0.02,0.04,1.09,-0.03,-0.09,0.19
816,734,74,-0.03,0.03,1.11,0.07,-0.1,-0.2
817,734,74,-0.02,0.04,1.09,0.08,-0.08,0.01
818,734,74,-0.01,0.04,1.1,-0.07,-0.31,0.12
819,734,74,-0.01,0.04,1.09,0.18,0.03,0.03
820,734,74,-0.02,0.03,1.09,0,-0.11,-0.11
821,734,74,-0.03,0.03,1.06,-0.1,-0.03,0.11
822,734,74,-0.03,0.03,1.08,-0.21,-0.26,0.04
823,734,74,-0.02,0.04,1.08,-0.05,-0.11,0.09
824,734,74,-0.03,0.03,1.08,-0.07,0.14,0.02
825,734,74,-0.01,0.04,1.1,-0.01,-0.02,-0.02
826,734,74,-0.02,0.03,1.08,-0.01,-0.1,0.04
827,734,74,-0.03,0.04,1.09,0.15,0,0.05
828,734,74,-0.02,0.04,1.09,-0.05,-0.07,0.03
829,734,74,-0.02,0.03,1.09,0.14,-0.16,0.04
830,734,74,-0.01,0.03,1.09,-0.1,0.08,0.02
831,734,74,-0.01,0.04,1.09,0.06,-0.12,-0.14
832,734,74,-0.01,0.04,1.1,-0.09,-0.13,0.06
833,734,74,-0.01,0.03,1.09,-0.1,0.02,-0.06
834,734,74,-0.02,0.04,1.09,-0.03,-0.03,-0.01
835,734,74,-0.02,0.03,1.1,-0.07,-0.16,-0.09
836,734,74,-0.03,0.04,1.1,-0.11,0.2,-0.04
837,734,74,-0.03,0.04,1.08,-0.23,0.1,0.02
838,734,74,-0.02,0.03,1.1,0.02,0.02,-0.08
839,734,74,-0.02,0.04,1.09,-0.17,-0.04,0.13
840,734,74,-0.02,0.04,1.09,-0.07,0.21,-0.16
841,734,74,-0.01,0.04,1.09,-0.09,-0.09,-0.09