Time,Theta1,Theta2,Vel1,Vel2
0,8.28318521742886,-3.68318526590152,-31.3109199847877,-0.0117661968885978
0.100401337792642,5.13952696343779,-3.68436660780986,-31.3109199847877,-0.0235918179186145
0.200802675585284,1.99586870944673,-3.6879225660615,-15.6808044011073,-0.047418800877904
0.301204013377926,1.99077948436595,-3.69388842989919,-0.0601300305037901,-0.0717062216096967
0.401605351170569,1.98379443843855,-3.70232136721683,-0.0783162853989916,-0.0966642368965358
0.502006688963211,1.97505336471593,-3.71329886730143,-0.0982909454091798,-0.129315486708012
0.602408026755853,1.96405735361458,-3.72828826294242,-0.109520563601138,-0.149294780035171
0.702809364548495,1.95306134251322,-3.74327765858341,-0.118378228732089,-0.170399169788135
0.803210702341137,1.94028668855413,-3.76250487215338,-0.131254787615377,-0.20638467047391
0.903612040133779,1.92670502997667,-3.78472025261435,-0.137987439574833,-0.244854399607007
1.00401337792642,1.91257844149034,-3.8116722907233,-0.140701197781951,-0.268443017807287
1.10441471571906,1.898451853004,-3.83862432883225,-0.139788368700001,15.3431688776846
1.20481605351171,1.88450856303967,-0.730722928127378,-0.135704620662382,30.9547807731764
1.30521739130435,1.87120200208571,2.37717847257749,-0.127402616967883,15.2828539117925
1.40561872909699,1.85892577667596,2.33811502793958,-0.115185373687488,-0.407786299343929
1.50602006688963,1.84807247086097,2.29529389260221,-0.0935230406003677,-0.454327215847556
1.60642140468227,1.84014609989453,2.24688490740618,-0.0789468660548144,-0.482154782598695
1.70682274247492,1.83221972892809,2.19847592221015,-0.0603591561417105,-0.496644270818582
1.80722408026756,1.82802581984521,2.1471574090117,-0.0293432100931481,-0.516443543858492
1.9076254180602,1.82632753383113,2.09477267681462,-0.00512529923855029,-0.527233746510697
2.00802675585284,1.82699664604493,2.0412874620535,0.017863581776675,-0.538431832724394
2.10842809364548,1.82991458884742,1.98665412418327,0.0397675376245494,-0.550210852718414
2.20882943143813,1.83498207400138,1.93080365069158,0.0607529762260765,-0.562757995250167
2.30923076923077,1.84211394902338,1.87365081303003,0.0809936359476367,-0.576260128494298
2.40963210702341,1.85124581280504,1.81508907505681,0.100672799344966,-0.590919640805354
2.51003344481605,1.86232931649051,1.75499256810042,0.11996460807943,-0.606953332315052
2.6104347826087,1.87533502708293,1.69321122197254,0.139095935431665,-0.624644094141765
2.71083612040134,1.89026015248823,1.6295623627082,0.158303136724013,-0.644319690896532
2.81123745819398,1.90712272049066,1.56383010410824,0.177833217172726,-0.666367261825444
2.91163879598662,1.92596953830445,1.49575403361121,0.197991245952717,-0.691284720927378
3.01204013377926,1.94687989242043,1.42501828255479,0.219136958989626,-0.71970447442006
3.11244147157191,1.96997282598919,1.35123544951696,0.241716357486224,-0.752447008796737
3.21284280936455,1.99541718373639,1.27392490995226,0.265790304900061,-0.789177137628892
3.31324414715719,2.02334423035775,1.19276656877035,0.28479746220589,-0.811487620555381
3.41364548494983,2.05260527614723,1.11097602454041,0.295353442067188,-0.811909083640875
3.51404682274248,2.08265199176817,1.02973305244326,0.30228856811463,-0.805764248393905
3.61444816053512,2.11330562942349,0.949176407571944,0.307145125006063,-0.797444133020667
3.71484949832776,2.14432755466236,0.869604136902926,0.309439674190444,-0.785582991938847
3.8152508361204,2.17544194393317,0.791429240896331,0.308546353303388,-0.768537845576366
3.91565217391304,2.20628448794776,0.715279681222642,0.303491461815716,-0.744004077637565
4.01605351170569,2.23638384148306,0.642031231460347,0.293104013917182,-0.709299608876745
4.11645484949833,2.26514055816712,0.572850421968596,0.276302554251356,-0.661952643445955
4.21685618729097,2.29186613364778,0.509109369545647,0.252563379502302,-0.600693697250129
4.31725752508361,2.31585596052604,0.452229520353553,0.222327382012309,-0.526308985831145
4.41765886287625,2.33651006681172,0.403425117006176,0.187152968044206,-0.4419602997894
4.5180602006689,2.35343677725305,0.363482709653367,0.149256631365605,-0.352215764859441
4.61846153846154,2.36648119773878,0.332699249039083,0.110719499655392,-0.261375270214211
4.71886287625418,2.37566954902332,0.310997856062527,0.0729470919079375,-0.172321414895613
4.81926421404682,2.38112916897006,0.298096647867402,0.0361572060964359,-0.0854615137099754
4.91966555183946,2.38293001274917,0.293836955449995,0.00896873605603553,7.80137169152771
5.02006688963211,2.38293011516673,1.86463295676147,0.073880100308388,7.58592764877891
5.12046822742475,2.3977653345636,1.81711152412118,0.15017929090404,-0.481580855108308
5.22086956521739,2.41308651859776,1.76793023254507,0.157184949254842,-0.502800060609165
5.32127090301003,2.42932849293571,1.71614792666642,0.18029902660163,-0.560409994695847
5.42167224080268,2.44929104554479,1.65539840618541,0.239820276841254,-0.700961478420347
5.52207357859532,2.47748504618504,1.5753929863174,0.114892477578576,-0.417821695297842
5.62247491638796,2.47236176244719,1.57149869185202,-0.0589702139057773,-0.0218928375721361
5.7228762541806,2.46564366945292,1.57099684595676,-0.0693016510694023,-0.000526367056681803
5.82327759197324,2.45844580548998,1.5713929959387,-0.0756397722656783,0.0123100193982755
5.92367892976589,2.45045500080131,1.57346873078844,-0.236994224290731,0.381424334654202
6.02408026755853,2.41085673115414,1.6479840228706,-0.362848099181775,0.669808545013332
6.12448160535117,2.37759413165458,1.707968078757,-0.307991234708861,0.544304608882336
6.22488294314381,2.34901126716779,1.75728184466758,-0.277472413100124,0.47525431348276
6.32528428093645,2.32187692870297,1.80340041648779,-0.264773051928505,0.44768974279918
6.4256856187291,2.29584412991766,1.84717914285374,-0.255338800690504,0.428194431715563
6.52608695652174,2.27060421434358,1.88938300404699,-0.247602696217042,0.41314496882822
6.62648829431438,2.24612484603515,1.93013975799904,-0.240357140429026,0.399736216468215
6.72688963210702,2.2223398574494,1.96965110584215,-0.233407006424509,0.387477086942435
6.82729096989967,2.19925609464476,2.00794619378508,-0.226347033220561,0.375396177323967
6.92769230769231,2.17688876756792,2.04503166265329,-0.219075439504899,0.36321769078779
7.02809364548495,2.15526516023715,2.08088127791517,-0.211571735512507,0.350836209833416
7.12849498327759,2.13440459699879,2.11548051228004,-0.203853970526396,0.338238643539943
7.22889632107023,2.11433073752677,2.14880050252433,-0.195857577200435,0.325217314603261
7.32929765886288,2.09507587146329,2.18078501919904,-0.187606339311624,0.311760499072004
7.42969899665552,2.07665888263623,2.21140284487979,-0.179195947366927,0.298023055428374
7.53010033444816,2.05909284577797,2.24062884611516,-0.170511561262291,0.283671430426699
7.6305016722408,2.04241970491654,2.26836482709658,-0.161643223473413,0.268839683177609
7.73090301003344,2.02663445401428,2.29461257380072,-0.152733860611973,0.253781002777039
7.83130434782609,2.01175033705319,2.31932473146692,-0.143758852808987,0.238367195135788
7.93170568561873,1.99776729173116,2.34247734435575,-0.134675379277794,0.222422771421912
8.03210702341137,1.98470716055874,2.36398781907954,-0.125584529982661,0.206109988158098
8.13250836120401,1.97254958209852,2.38386478144274,-0.11661858521472,0.189668275833732
8.23290969899666,1.96128983662466,2.4020737163406,-0.107729348215041,0.172915414118279
8.3333110367893,1.95091724073788,2.41858665924763,-0.099009368047219,0.156016349953772
8.43371237458194,1.94140849061277,2.43340221684637,-0.0904363260302367,0.138855467399259
8.53411371237458,1.93275738450091,2.44646920862105,-0.0820971973647869,0.121589402158628
8.63451505016722,1.92492315372386,2.45781769412263,-0.0740864643120263,0.104414429057895
8.73491638795987,1.9178806242424,2.46743590534558,-0.066369525114735,0.0872133854785284
8.83531772575251,1.9115959755035,2.47533037527357,-0.0590065462312519,0.0701136121428921
8.93571906354515,1.90603195188212,2.48151490625882,-0.0520291192512326,0.0531859788013517
9.03612040133779,1.90114838914951,2.48601026212051,-0.0454656373575577,0.0365034844692233
9.13652173913044,1.89690233025353,2.48884490360843,-0.0393406763154372,0.0201403407049491
9.23692307692308,1.89324867608603,2.49005449642126,-0.0336748475710776,0.00417190084805103
9.33732441471572,1.89014033076133,2.489682632461,-0.0284857629093107,-0.0113231002972536
9.43772575250836,1.88752865867776,2.48778078758565,-0.0237876086910001,-0.0262640774996566
9.538127090301,1.8853637152904,2.48440873542729,-0.0195919726185477,-0.0405681269334205
9.63852842809364,1.88359453815596,2.47963459915394,-0.0159073524581581,-0.0541528766087348
9.73892976588629,1.88216947635533,2.47353469291361,-0.0127405452588081,-0.0669346461439957
9.83933110367893,1.88103620257957,2.46619394311887,-0.0100971323007559,-0.0788290306197834
9.93973244147157,1.8801419451736,2.45770561265137,-0.00798195040069514,-0.089751048195805
10.0401337792642,1.87943340558272,2.44817169250457,-0.00640036265994562,-0.0996135238958719
10.1405351170569,1.87885673522676,2.4377029505286,-0.00535867629494476,-0.108327013857315
10.2409364548495,1.8783573690451,2.42641933828385,-0.00486635464534616,-0.1157942287153
10.3413377926421,1.87787955819363,2.41445115958523,-0.00492571630240899,-0.121930313308297
10.4417391304348,1.87736827203241,2.4019354051366,-0.00554893798592559,-0.126640315103745
10.5421404682274,1.8767653165994,2.38902144547543,-0.00675831000981771,-0.129811230649734
10.6425418060201,1.8760111853,2.37586896270111,-0.00859332204861333,-0.131282428394521
10.7429431438127,1.87503975453987,2.36265958259648,-0.0110231991764385,-0.131056193651077
10.8433444816054,1.87379769741186,2.34955252836395,-0.0140742631589213,-0.12902949344482
10.943745819398,1.87221360484067,2.33675011508335,-0.0177993771217801,-0.125034072620361
11.0441471571906,1.87022353486206,2.32444535204246,-0.0221771079392424,-0.119061805929427
11.1445484949833,1.86776038222973,2.3128421858927,-0.027222901577924,-0.111036952689235
11.2449498327759,1.86475710338802,2.30214883485362,-0.0329315750298441,-0.10093088802458
11.3453511705686,1.8611476338525,2.29257499352817,-0.0392843533420942,-0.0887515903394025
11.4457525083612,1.85686870012828,2.28432727805102,-0.0462454278864267,-0.0745494166385114
11.5461538461538,1.85186142819932,2.27760527120383,-0.0537599903820277,-0.0584212784650625
11.6465551839465,1.84607355022013,2.27259612902412,-0.0617491945324258,-0.0405223799151072
11.7469565217391,1.83946202472197,2.26946826889579,-0.0700942191888844,-0.0210999977676891
11.8473578595318,1.83199844346395,2.26835919301753,-0.0787184413849339,-0.000323854278606948
11.9477591973244,1.82365515107397,2.26940323809015,-0.0874615603981072,0.0214740372789694
12.0481605351171,1.81443592812514,2.27267123715876,-0.0961212392591566,0.0438375814996998
12.1485618729097,1.80435374905016,2.27820594174648,-0.104568148936982,0.0664732994971004
12.2489632107023,1.79343836403759,2.28601925355276,-0.112632784717816,0.0890310836008005
12.349364548495,1.7817367845202,2.29608362154378,-0.120156042146094,0.111133985717155
12.4497658862876,1.76931070928692,2.30833525523323,-0.126999498282289,0.13245905910786
12.5501672240803,1.75623494546713,2.32268175501814,-0.134199458851939,0.157298182083816
12.6505685618729,1.74236309888735,2.33992115106036,-0.138163961603999,0.171704843991402
12.7509698996656,1.72849125230758,2.35716054710257,-0.141129025488215,0.184618704689711
12.8513712374582,1.71402401296658,2.37699308092514,-0.145384560803474,0.205074569108632
12.9517725752508,1.69929764350945,2.39834006927408,-0.147433707074365,0.219303506238409
13.0521739130435,1.68441893011459,2.42102981174305,-0.14838607647398,0.231776472840088
13.1525752508361,1.66950132233387,2.44488140515809,-0.148272860708017,0.242510942356102
13.2529765886288,1.65464534296773,2.46972665782686,-0.147107659790609,0.251497560267921
13.3533779264214,1.63996171064883,2.49538278816306,-0.144923564497565,0.258827463145387
13.453779264214,1.62554430346127,2.52169990494141,-0.14175685041339,0.264497195461941
13.5541806020067,1.61149655580328,2.54849453269662,-0.13763750752027,0.268513334816145
13.6545819397993,1.59790632369031,2.57561810100282,-0.132664837422319,0.27104689284041
13.754983277592,1.58485710149279,2.60292147398806,-0.126867071930395,0.272098825985468
13.8553846153846,1.57243107620301,2.63025627328431,-0.120304055958928,0.271738034024953
13.9557859531773,1.56069972517248,2.65748719827855,-0.113065451666548,0.270067466100267
14.0561872909699,1.54972723099211,2.68448654306578,-0.105209662330097,0.267123789142897
14.1565886287625,1.53957334347917,2.71112636985092,-0.09683081493519,0.26301505311865
14.2569899665552,1.53028334427402,2.73730066945121,-0.0879987365074973,0.257793149715518
14.3573913043478,1.52190296174034,2.76289192406136,-0.0787975884965592,0.251520875356947
14.4577926421405,1.51446057767424,2.78780673418844,-0.0693305356788369,0.244310255616497
14.5581939799331,1.50798120467627,2.81195007706208,-0.0596853035932803,0.236231070548747
14.6585953177258,1.50247560901959,2.83524256521101,-0.0499681262722359,0.227387499655485
14.7589966555184,1.49794747122682,2.85761009538755,-0.0402609321712069,0.217840128472353
14.859397993311,1.49439110611806,2.8789854458581,-0.0306660304821887,0.207702737478176
14.9597993311037,1.49178965025642,2.89931736079955,-0.019082244497973,0.194287937048016
15.0602006688963,1.49055934036669,2.91799898345128,-0.0122539192880633,0.186069459455972
15.160602006689,1.48932903047697,2.93668060610302,-0.00581321598430448,0.177560101914399
15.2610033444816,1.48939203104329,2.95365352699289,0.0045402578245924,0.163344864411331
15.3614046822742,1.49024072639599,2.96948069191993,0.0120904341518781,0.151882309469788
15.4618060200669,1.49181982256997,2.9841519011085,0.0190094647080981,0.140455462022427
15.5622073578595,1.49405787777082,2.9976845244946,0.0251935483546561,0.129245071687194
15.6626086956522,1.49687875448707,3.0101046573095,0.0305990441770651,0.118347354233922
15.7630100334448,1.50020224771193,3.02144898987321,0.0351844916103447,0.107876737157179
15.8634113712375,1.50394389454154,3.03176659476407,0.0389214771626103,0.0979288287948445
15.9638127090301,1.50801778446391,3.04111336071215,0.0417780811005144,0.0886557280038259
16.0642140468227,1.51233304500734,3.0495689021532,0.0437488040828421,0.0801440603386808
16.1646153846154,1.5168026613774,3.05720650246042,0.0448511499365087,0.0724348165530844
16.265016722408,1.52133927591767,3.06411400712259,0.0450940243138867,0.0656382105819746
16.3654180602007,1.52585766211254,3.07038683076591,0.0445039225802914,0.0598219950093892
16.4658193979933,1.53027578264583,3.07612642377932,0.0431197428688185,0.0550333764104023
16.566220735786,1.53451622185115,3.08143767999562,0.0409748295866064,0.0513412925523359
16.6666220735786,1.53850363805847,3.08643589269184,0.0381331604034873,0.0487546457903963
16.7670234113712,1.54217346248869,3.09122774331754,0.0346619761600754,0.0472468449224499
16.8674247491639,1.54546385561249,3.09592318556523,0.0306138504487078,0.0468560218871295
16.9678260869565,1.54832080556876,3.10063655787976,0.0260654728248715,0.0475491443834511
17.0682274247492,1.55069787229612,3.10547118097922,0.0210913046377833,0.0493029024869931
17.1686287625418,1.55255599597161,3.11053671261327,0.0157688635215207,0.0520825624726751
17.2690301003344,1.55386430228218,3.11592949887507,0.0101873013539595,0.0557823736177523
17.3694314381271,1.55460163334048,3.12173796248621,0.00440704007500689,0.0603926185415782
17.4698327759197,1.55474924772065,3.12805649826382,-0.00147773140376455,0.0658065739788239
17.5702341137124,1.55430490092081,3.13495209861226,-0.0073610939561908,0.0718799404972968
17.670635451505,1.55327112035902,3.14249018263659,-0.0131895765759385,0.0785834274335493
17.7710367892977,1.55165639865452,3.15073186109758,-0.0188747015150395,0.0857986008646444
17.8714381270903,1.54948102979392,3.15971877125168,-0.0243234762939958,0.0933863866908984
17.9718394648829,1.54677217953515,3.16948409740835,-0.0294626558840988,0.101246983741968
18.0722408026756,1.54356484966255,3.18004943648201,-0.0342063652995994,0.109249347512112
18.1726421404682,1.53990344986094,3.19142165869473,-0.0385113413946251,0.117329670444261
18.2730434782609,1.53583166927013,3.20360954823276,-0.0422831719056453,0.12533533539153
18.3734448160535,1.53141287581006,3.21658932938673,-0.0454373803149545,0.13312301520222
18.4738461538462,1.5267077217313,3.23034100586734,-0.0479580053356127,0.140648292065375
18.5742474916388,1.52178278002293,3.24483188274996,-0.0497651384680173,0.147781373142289
18.6746488294314,1.51671474877605,3.26001590099598,-0.0507974844082595,0.154405882272179
18.7750501672241,1.51158250924075,3.27583699703632,-0.0510409537280298,0.160462101353743
18.8754515050167,1.50646558870304,3.29223712027785,-0.0504552497088282,0.165866371867323
18.9758528428094,1.5014509601019,3.3091434082969,-0.0489924222492258,0.170509770659339
19.076254180602,1.49662777923199,3.32647593843968,-0.0466473066657635,0.174335449428399
19.1766555183946,1.49208405611457,3.34415043299148,-0.0434107412128303,0.177289402225267
19.2770568561873,1.48791078624731,3.36207612475943,-0.0392818360231916,0.179307317133941
19.3774581939799,1.48419615833921,3.380155822024,-0.0342767237217567,0.180336362818293
19.4778595317726,1.48102792841368,3.39828814891866,-0.0284190253171212,0.18033143586117
19.5782608695652,1.478489542018,3.41636685683706,-0.0217291950854295,0.179261300144235
19.6786622073579,1.47666464790222,3.43428429761652,-0.0142741804245728,0.177109290770699
19.7790635451505,1.47562324839696,3.45193087629483,-0.00612385930559101,0.173835134314412
19.8794648829431,1.47543496056874,3.46919085769758,0.00266720756012184,0.169420039851312
19.9798662207358,1.47615883081137,3.48595087359473,0.0119926233646339,0.163868288391294
20.0802675585284,1.47784311142765,3.50209604845013,0.0217507232469344,0.157181803248767
20.1806688963211,1.48052643423527,3.51751340024041,0.0318168966173841,0.149380746543287
20.2810702341137,1.48423202939724,3.53209210203695,0.0420593838894958,0.140481291700322
20.3814715719064,1.48897207105375,3.54572241948351,0.0523341089528237,0.130527820149806
20.481872909699,1.49474085849934,3.55830243756135,0.0624845686936606,0.119566773919834
20.5822742474916,1.50151913963023,3.56973174759771,0.0723817240045328,0.107631812981119
20.6826755852843,1.50927530234293,3.57991519358605,0.0818590243705607,0.0948194583376372
20.7830769230769,1.51795665074464,3.58877174852946,0.0907546671812201,0.0812438571784959
20.8834782608696,1.52749908233477,3.59622917748236,0.0989467534294442,0.0669532778277148
20.9838795986622,1.53782542357375,3.60221614585647,0.106310651097861,0.0520657196831721
21.0842809364548,1.54884654551843,3.60668411330102,0.112739091844995,0.0367331630969434
21.1846822742475,1.56046373485928,3.60959226328904,0.118150504721642,0.0210482057338621
21.2850836120401,1.57257148298829,3.61091064932864,0.122491082973001,0.00515780486645838
21.3854849498328,1.5850602720556,3.61062796430638,0.125728543659438,-0.010791510252454
21.4858862876254,1.59781811095254,3.60874368519635,0.127865036355636,-0.0266825259072221
21.5862876254181,1.61073591346962,3.60527004171283,0.128922248149233,-0.0423730988063093
21.6866889632107,1.62370604332338,3.6002350535832,0.128947186264424,-0.0577393472924171
21.7870903010033,1.63662885348071,3.59367582628997,0.128007498104035,-0.0726622869491255
21.887491638796,1.64941029143765,3.58564427194967,0.12618203860031,-0.0870206989486197
21.9878929765886,1.66196654444246,3.57620183710978,0.123570206108218,-0.100727948228196
22.0882943143813,1.6742235194468,3.56541783043923,0.120271712633327,-0.113702015151419
22.1886956521739,1.68611742613646,3.55337016824794,0.116398076786518,-0.125860238277317
22.2890969899666,1.69759656469852,3.54014475784334,0.112035756630995,-0.137134833672615
22.3894983277592,1.70861450582918,3.52583312673053,0.107296447386538,-0.147495177610952
22.4898996655518,1.71914197841453,3.51052733154314,0.102287430398507,-0.156905808017279
22.5903010033445,1.72915409553195,3.49432602066579,0.0970782997549235,-0.165329133779781
22.6907023411371,1.73863556074659,3.47732879912796,0.0917537837106925,-0.172755079749345
22.7911036789298,1.74757850079613,3.45963633843118,0.0863833011894582,-0.179177032371396
22.8915050167224,1.75598155875132,3.44134957162435,0.0810294707460285,-0.18460163495589
22.991906354515,1.76384943532319,3.42256783621462,0.0757379177920422,-0.18902010518316
23.0923076923077,1.77118993528722,3.40339382876416,0.0705566306787193,-0.192457416783622
23.1927090301003,1.77801739554376,3.38392187198823,0.0655260978779059,-0.19494367154692
23.293110367893,1.78434775106177,3.36424861792912,0.0606701223664953,-0.196486003646906
23.3935117056856,1.79020011844304,3.34446695674087,0.0560156963242655,-0.197118362834012
23.4939130434783,1.79559585275845,3.32466672326506,0.0515826939943474,-0.196872974047209
23.5943143812709,1.800558061411,3.30493433680176,0.047387234028888,-0.195786153340367
23.6947157190635,1.80511133614004,3.28535233983177,0.0434431321983342,-0.193898446729623
23.7951170568562,1.80928155859223,3.26599900990662,0.0397624953457092,-0.191254717152179
23.8955183946488,1.81309575159341,3.2469478809093,0.0363586748006367,-0.187900092721236
23.9959197324415,1.81658247777293,3.22826816854548,0.0332360317321175,-0.183896948947956
24.0963210702341,1.81976963569105,3.21002088152858,0.0304052831751249,-0.179302532738743
24.1967224080268,1.82268793998643,3.19226374023232,0.027882584731153,-0.174171532503779
24.2971237458194,1.8253685333073,3.17504677179103,0.0256755822189679,-0.168577421555013
24.397525083612,1.8278436655932,3.1584129429408,0.0237959679233361,-0.162593591820327
24.4979264214047,1.83014682733445,3.14239754352049,0.0222561478872983,-0.15629868548145
24.5983277591973,1.8323127596372,3.12702774870566,0.0210690949719927,-0.149775877063352
24.69872909699,1.83437755797699,3.11232214666804,0.020248321786027,-0.143112725850973
24.7991304347826,1.83637867682794,3.09829033044449,0.0198074407503236,-0.136400751527203
24.8995317725753,1.83835494507615,3.08493251080953,0.0197597661939318,-0.129734352812669
24.9999331103679,1.84034649074862,3.07223932528438,0.0201178141802523,-0.123210211464394
25.1003344481605,1.84239465599047,3.06019157068805,0.0208927429232772,-0.116926375777015
25.2007357859532,1.84454180942793,3.04876019618186,0.0220936192884053,-0.110980676423696
25.3011371237458,1.84683111385695,3.03790635392391,0.0237268880459488,-0.105470013337278
25.4015384615385,1.84930623203087,3.02758153530972,0.0257956251395924,-0.100488574402015
25.5019397993311,1.85201094440337,3.01772797931823,0.028298891877872,-0.0961265757777533
25.6023411371237,1.85498872523605,3.0082790616987,0.0312311820938953,-0.0924689606254608
25.7027424749164,1.85828224932952,2.99915996461605,0.0345819295334856,-0.0895939400779962
25.803143812709,1.86193286921327,2.99028835881481,0.0383352479178383,-0.0875720620432409
25.9035451505017,1.86598006968064,2.98157526025125,0.0424694639616028,-0.0864643658231837
26.0039464882943,1.87046085120743,2.97292608281473,0.0469572234388667,-0.086321924680934
26.104347826087,1.87540920578522,2.96424158681364,0.0517655924515688,-0.0871849176509391
26.2047491638796,1.88085552067497,2.95541911807974,0.0568563149380253,-0.0890816604670215
26.3051505016722,1.8868261059487,2.94635375104629,0.0621862922414955,-0.0920283230546728
26.4055518394649,1.89334269454179,2.93693958458073,0.0677081187664009,-0.0960292153576689
26.5059531772575,1.90042207735584,2.92707082766811,0.073377252904701,-0.101083613766337
26.6063545150502,1.90807704325215,2.91664172447862,0.0791305695558115,-0.107151693977381
26.7067558528428,1.91631170744323,2.90555448082396,0.0849116938845821,-0.114202138265021
26.8071571906355,1.92512753857265,2.89370962955744,0.0906728678499273,-0.12220756957367
26.9075585284281,1.93451906191049,2.88101487387679,0.0963675347595938,-0.131112118808816
27.0079598662207,1.94447839739194,2.86738196529898,0.101943061496046,-0.14084885736071
27.1083612040134,1.95498950141625,2.85273204646563,0.107340952335291,-0.151337777967745
27.208762541806,1.96603274782074,2.83699293456592,0.112533751144971,-0.162532486195334
27.3091638795987,1.97758657973981,2.82009508836808,0.117452190412616,-0.17426855637115
27.4095652173913,1.98961746190894,2.80199934217621,0.122078870639614,-0.186508258540994
27.5099665551839,2.00210034359667,2.78264373103429,0.126409287028455,-0.199216670375281
27.6103678929766,2.01500078496308,2.76199610174366,0.130394587306947,-0.212223077603432
27.7107692307692,2.02828392560975,2.74002876923058,0.134026528539891,-0.225459379279089
27.8111705685619,2.0419136704933,2.71672325514862,0.137293675798933,-0.238834144655406
27.9115719063545,2.05585286305111,2.69207023396265,0.140194907344577,-0.252270479500784
28.0119732441472,2.07006518299152,2.66606666789368,0.142737972558099,-0.265689982396896
28.1123745819398,2.0845150298484,2.63871897462115,0.144918117081653,-0.278980959344885
28.2127759197324,2.0991651286423,2.61004654481988,0.146749662956912,-0.29209295072128
28.3131772575251,2.11398275481138,2.58006592859672,0.148244334713844,-0.304956229728564
28.4135785953177,2.1289329876932,2.54881051795399,0.149427956330317,-0.317521353827617
28.5139799331104,2.14398828824975,2.51630679119267,0.150329088052477,-0.32976552426382
28.614381270903,2.15911947079243,2.48259271836603,0.150940253855849,-0.34157995527113
28.7147826086956,2.17429749507753,2.44771662224792,0.151260781140056,-0.352862675862183
28.8151839464883,2.18949304035648,2.41173694893872,0.15135639062386,-0.363676156832085
28.9155852842809,2.20469026328173,2.37468947690947,0.151249485432651,-0.374017110751037
29.0159866220736,2.21986434171225,2.33663331238523,0.150972206192749,-0.383858970692175
29.1163879598662,2.23500588622425,2.29760956854707,0.150544195154902,-0.39318118585262
29.2167892976589,2.25009401889319,2.25768147827623,0.149956646437261,-0.401926669112588
29.3171906354515,2.26511758205065,2.21690161800018,0.149249132315336,-0.410111463908993
29.4175919732441,2.28006364399089,2.17532999903511,0.148505599245173,-0.417881849959699
29.5179933110368,2.29493790371847,2.13298982444974,0.147721935692192,-0.425188807224541
29.6183946488294,2.30972660392052,2.0899509489155,0.146898204754291,-0.431997496149477
29.7187959866221,2.32443545627181,2.04624357137678,0.146107857499879,-0.438438402312349
29.8191973244147,2.33906545263053,2.00191134465185,0.145642162302118,-0.445154967876428
29.9195986622074,2.3536807921401,1.95685526277711,0.145415527178009,-0.451925975939947
30.02,2.36826527955952,1.91116339951661,0.14526188335794,-0.455092175712499
